{
  "timestamp": "2026-02-27T04:15:00.787Z",
  "platform": "win32",
  "appType": "electron",
  "results": {
    "startup": {
      "avg": 10173.5867,
      "min": 10154.4087,
      "max": 10195.9659,
      "median": 10164.768399999994,
      "values": [
        10154.4087,
        10160.780499999999,
        10164.768399999994,
        10192.010000000002,
        10195.9659
      ]
    },
    "memory": {
      "avg": 122.265625,
      "min": 122.25390625,
      "max": 122.26953125,
      "median": 122.265625,
      "values": [
        122.25390625,
        122.25390625,
        122.265625,
        122.265625,
        122.265625,
        122.265625,
        122.265625,
        122.265625,
        122.26953125,
        122.26953125,
        122.26953125,
        122.26953125,
        122.26953125,
        122.26953125
      ]
    },
    "cpu": null
  }
}