{
  "timestamp": "2026-02-27T04:19:25.965Z",
  "platform": "win32",
  "appType": "electron",
  "results": {
    "startup": {
      "avg": 10161.17512,
      "min": 10138.5423,
      "max": 10188.6665,
      "median": 10146.8638,
      "values": [
        10138.5423,
        10145.899100000002,
        10146.8638,
        10185.903899999998,
        10188.6665
      ]
    },
    "memory": {
      "avg": 442.92689732142856,
      "min": 442.828125,
      "max": 443.2421875,
      "median": 442.86328125,
      "values": [
        442.828125,
        442.828125,
        442.83984375,
        442.84765625,
        442.84765625,
        442.86328125,
        442.86328125,
        442.86328125,
        442.8671875,
        442.95703125,
        442.9609375,
        442.9609375,
        443.20703125,
        443.2421875
      ]
    },
    "cpu": {
      "avg": 0.90625,
      "min": 0.90625,
      "max": 0.90625,
      "median": 0.90625,
      "values": [
        0.90625,
        0.90625,
        0.90625,
        0.90625,
        0.90625,
        0.90625,
        0.90625,
        0.90625,
        0.90625,
        0.90625,
        0.90625,
        0.90625,
        0.90625,
        0.90625,
        0.90625
      ]
    }
  }
}