{
  "timestamp": "2026-02-27T04:25:17.357Z",
  "platform": "win32",
  "electron": {
    "startup": {
      "avg": 10174.66766,
      "min": 10158.2496,
      "max": 10205.668299999998,
      "median": 10168.5255,
      "values": [
        10158.2496,
        10165.0606,
        10168.5255,
        10175.834300000002,
        10205.668299999998
      ]
    },
    "memory": {
      "avg": 414.78489583333334,
      "min": 414.640625,
      "max": 414.83203125,
      "median": 414.81640625,
      "values": [
        414.640625,
        414.72265625,
        414.734375,
        414.7421875,
        414.75,
        414.75,
        414.81640625,
        414.81640625,
        414.81640625,
        414.82421875,
        414.83203125,
        414.83203125,
        414.83203125,
        414.83203125,
        414.83203125
      ]
    },
    "cpu": {
      "avg": 0.375,
      "min": 0.375,
      "max": 0.375,
      "median": 0.375,
      "values": [
        0.375,
        0.375,
        0.375,
        0.375,
        0.375,
        0.375,
        0.375,
        0.375,
        0.375,
        0.375,
        0.375,
        0.375,
        0.375,
        0.375,
        0.375
      ]
    }
  },
  "tauri": {
    "startup": {
      "avg": 4307.821179999999,
      "min": 593.5050000000047,
      "max": 10301.070200000002,
      "median": 689.6627000000008,
      "values": [
        593.5050000000047,
        630.6536999999953,
        689.6627000000008,
        9324.214299999992,
        10301.070200000002
      ]
    },
    "memory": null,
    "cpu": null
  },
  "improvements": {
    "startup": {
      "percentage": "57.7",
      "absolute": "5867"
    }
  },
  "recommendations": [
    "Tauri startup time >3s - optimize initial resource loading"
  ]
}