{
  "timestamp": "2026-02-27T13:30:10.720Z",
  "platform": "win32",
  "electron": {
    "startup": {
      "avg": 483.73243999999966,
      "min": 471.4972999999991,
      "max": 500.52520000000004,
      "median": 481.9553999999989,
      "values": [
        471.4972999999991,
        481.55319999999983,
        481.9553999999989,
        483.1311000000005,
        500.52520000000004
      ]
    },
    "memory": {
      "avg": 383.11669921875,
      "min": 358.26953125,
      "max": 385.2734375,
      "median": 384.8203125,
      "values": [
        358.26953125,
        383.1171875,
        384.484375,
        384.5,
        384.5,
        384.5234375,
        384.8046875,
        384.8203125,
        384.8203125,
        384.90625,
        384.921875,
        385.20703125,
        385.2265625,
        385.2265625,
        385.265625,
        385.2734375
      ]
    },
    "cpu": {
      "avg": 0.3486328125,
      "min": 0.1875,
      "max": 0.359375,
      "median": 0.359375,
      "values": [
        0.1875,
        0.359375,
        0.359375,
        0.359375,
        0.359375,
        0.359375,
        0.359375,
        0.359375,
        0.359375,
        0.359375,
        0.359375,
        0.359375,
        0.359375,
        0.359375,
        0.359375,
        0.359375
      ]
    }
  },
  "tauri": {
    "startup": {
      "avg": 482.1412400000016,
      "min": 457.33570000000327,
      "max": 507.7346000000034,
      "median": 479.4947000000029,
      "values": [
        457.33570000000327,
        473.042300000001,
        479.4947000000029,
        493.09889999999723,
        507.7346000000034
      ]
    },
    "memory": {
      "avg": 34.03271484375,
      "min": 34.0078125,
      "max": 34.03515625,
      "median": 34.03515625,
      "values": [
        34.0078125,
        34.0234375,
        34.03515625,
        34.03515625,
        34.03515625,
        34.03515625,
        34.03515625,
        34.03515625,
        34.03515625,
        34.03515625,
        34.03515625,
        34.03515625,
        34.03515625,
        34.03515625,
        34.03515625,
        34.03515625
      ]
    },
    "cpu": {
      "avg": 0.09375,
      "min": 0.09375,
      "max": 0.09375,
      "median": 0.09375,
      "values": [
        0.09375,
        0.09375,
        0.09375,
        0.09375,
        0.09375,
        0.09375,
        0.09375,
        0.09375,
        0.09375,
        0.09375,
        0.09375,
        0.09375,
        0.09375,
        0.09375,
        0.09375,
        0.09375
      ]
    }
  },
  "improvements": {
    "startup": {
      "percentage": "0.3",
      "absolute": "2"
    },
    "memory": {
      "percentage": "91.1",
      "absolute": "349.1"
    },
    "cpu": {
      "percentage": "73.1",
      "absolute": "0.3"
    }
  },
  "recommendations": [
    "Performance is within acceptable ranges"
  ]
}