{
  "timestamp": "2026-02-27T04:05:20.455Z",
  "platform": "win32",
  "electron": {
    "startup": {
      "avg": 10159.08028,
      "min": 10108.189599999998,
      "max": 10213.470300000008,
      "median": 10161.4279,
      "values": [
        10108.189599999998,
        10109.025499999998,
        10161.4279,
        10203.288099999998,
        10213.470300000008
      ]
    },
    "memory": {
      "avg": 122.07602163461539,
      "min": 122.06640625,
      "max": 122.08203125,
      "median": 122.07421875,
      "values": [
        122.06640625,
        122.06640625,
        122.07421875,
        122.07421875,
        122.07421875,
        122.07421875,
        122.07421875,
        122.07421875,
        122.08203125,
        122.08203125,
        122.08203125,
        122.08203125,
        122.08203125
      ]
    },
    "cpu": null
  },
  "tauri": {
    "startup": {
      "avg": 10166.403780000002,
      "min": 10112.7595,
      "max": 10276.166700000016,
      "median": 10143.963000000003,
      "values": [
        10112.7595,
        10141.839899999992,
        10143.963000000003,
        10157.289799999999,
        10276.166700000016
      ]
    },
    "memory": null,
    "cpu": null
  },
  "improvements": {
    "startup": {
      "percentage": "-0.1",
      "absolute": "-7"
    }
  },
  "recommendations": [
    "Tauri startup time >3s - optimize initial resource loading"
  ]
}