{
  "timestamp": "2026-02-27T13:26:49.874Z",
  "platform": "win32",
  "electron": {
    "startup": {
      "avg": 10143.15792,
      "min": 10115.7481,
      "max": 10154.900300000001,
      "median": 10146.207799999996,
      "values": [
        10115.7481,
        10145.933200000001,
        10146.207799999996,
        10153.000199999995,
        10154.900300000001
      ]
    },
    "memory": {
      "avg": 405.1728515625,
      "min": 404.9921875,
      "max": 405.23828125,
      "median": 405.21875,
      "values": [
        404.9921875,
        405.07421875,
        405.0859375,
        405.1015625,
        405.1015625,
        405.1015625,
        405.21875,
        405.21875,
        405.21875,
        405.22265625,
        405.23828125,
        405.23828125,
        405.23828125,
        405.23828125,
        405.23828125,
        405.23828125
      ]
    },
    "cpu": {
      "avg": 0.515625,
      "min": 0.515625,
      "max": 0.515625,
      "median": 0.515625,
      "values": [
        0.515625,
        0.515625,
        0.515625,
        0.515625,
        0.515625,
        0.515625,
        0.515625,
        0.515625,
        0.515625,
        0.515625,
        0.515625,
        0.515625,
        0.515625,
        0.515625,
        0.515625,
        0.515625
      ]
    }
  },
  "tauri": {
    "startup": {
      "avg": 481.04818000000085,
      "min": 464.80319999999483,
      "max": 496.00689999999304,
      "median": 478.19310000000405,
      "values": [
        464.80319999999483,
        472.1180000000022,
        478.19310000000405,
        494.1197000000102,
        496.00689999999304
      ]
    },
    "memory": {
      "avg": 34.12255859375,
      "min": 34.09765625,
      "max": 34.125,
      "median": 34.125,
      "values": [
        34.09765625,
        34.11328125,
        34.125,
        34.125,
        34.125,
        34.125,
        34.125,
        34.125,
        34.125,
        34.125,
        34.125,
        34.125,
        34.125,
        34.125,
        34.125,
        34.125
      ]
    },
    "cpu": {
      "avg": 0.140625,
      "min": 0.140625,
      "max": 0.140625,
      "median": 0.140625,
      "values": [
        0.140625,
        0.140625,
        0.140625,
        0.140625,
        0.140625,
        0.140625,
        0.140625,
        0.140625,
        0.140625,
        0.140625,
        0.140625,
        0.140625,
        0.140625,
        0.140625,
        0.140625,
        0.140625
      ]
    }
  },
  "improvements": {
    "startup": {
      "percentage": "95.3",
      "absolute": "9662"
    },
    "memory": {
      "percentage": "91.6",
      "absolute": "371.1"
    },
    "cpu": {
      "percentage": "72.7",
      "absolute": "0.4"
    }
  },
  "recommendations": [
    "Performance is within acceptable ranges"
  ]
}